halo_mvir,halo_mstar,halo_vpeculiar,num_subhalos,log_num_subhalos,inv_wdm_mass,log_sn1,log_sn2,log_agn1,center_subhalo_vpeculiar,center_subhalo_mvir,center_subhalo_mstar,center_subhalo_vmax_tilde
11.918311460933298,10.783019144893817,378.6695251464844,6.0,0.7781512503836436,0.3239517620454232,0.9971338242462652,0.7019969442672167,-1.0065570531932897,0.8951542377471924,11.944206237792969,10.782991409301758,2.649541139602661
11.922721839756914,9.430021583388728,329.0650939941406,11.0,1.0413926851582251,0.43754894648575116,1.1296799831947553,1.0490409879935574,-1.42785582062823,2.2863590717315674,11.993817329406738,9.422654151916504,0.656922459602356
11.790774815215743,10.686297095862964,448.5212707519531,4.0,0.6020599913279624,0.04734504573668043,0.5248012160783176,0.7224504872538435,-1.419926242994454,2.274592161178589,11.799111366271973,10.686202049255371,1.3750237226486206
11.957418363683463,10.316776724362667,407.208740234375,13.0,1.1139433523068367,0.11362378972892961,0.8603135658401606,0.890609527582902,-1.518363260035863,1.172972321510315,11.965662002563477,10.312596321105957,0.7934508919715881
11.981320869215198,10.800240034851432,272.6817626953125,10.0,1.0,0.4805376042922338,0.4441951083604752,0.953969826209476,-0.6294847389126493,2.4651052951812744,11.987420082092285,10.776754379272461,2.7808127403259277
11.7795228470883,10.689578612781373,311.787841796875,16.0,1.2041199826559248,0.0633447588628365,0.2303333177733287,0.9502708278059726,-0.9948748147689055,23.683218002319336,11.854511260986328,10.616188049316406,2.7704129219055176
11.948324464996118,10.907074965133404,356.7534484863281,7.0,0.8450980400142568,0.3593631718307734,0.16674431086482522,0.7818443199737545,-0.4174104389411187,9.07288932800293,11.949498176574707,10.764593124389648,2.955932855606079
11.674308676924118,9.293924477203683,522.3124389648438,8.0,0.9030899869919435,0.14657263512619667,1.088663070550075,1.0392899994680231,-0.5911338248411301,44.257747650146484,11.81872272491455,9.18432903289795,0.8838709592819214
11.931441349913424,10.8249421828936,751.2088623046875,14.0,1.146128035678238,0.2497086738443209,0.5382514839240979,0.5707737960806488,-1.4931170099598126,1.5261969566345215,11.95279312133789,10.8236665725708,2.605973720550537
11.943679219649535,10.696752240046122,189.9579620361328,22.0,1.3424226808222062,0.2989391601023575,0.3433992754843593,0.8213599658851375,-0.5429742199265711,2.1382291316986084,11.989974021911621,10.694233894348145,2.7370522022247314
11.97121254253314,9.848668668565487,130.9428253173828,13.0,1.1139433523068367,0.3894163662153814,0.7317737383044604,1.0645654452603879,-1.5477933853917607,22.24616050720215,11.961041450500488,9.769026756286621,0.43857693672180176
11.977821357142284,9.557621560091006,204.86764526367188,11.0,1.0413926851582251,0.39931399059585404,0.9837337861083512,1.1008491603081236,-1.5197552916489585,0.8086852431297302,12.024603843688965,9.555949211120605,0.623731791973114
11.941532290655836,10.339413896618096,194.76580810546875,21.0,1.3222192947339193,0.13920088378298615,0.7486144727420706,0.9249824615255816,-0.6519986817286058,7.183143138885498,11.957174301147461,10.321785926818848,0.9489840865135193
12.043169338087502,10.626199840256774,286.08624267578125,21.0,1.3222192947339193,0.2113364071171317,1.0759386052176696,0.692461251230396,-1.151619098194541,3.6605677604675293,12.085541725158691,10.623867988586426,0.8969933390617371
11.92737485921874,10.52415337219854,268.79547119140625,13.0,1.1139433523068367,0.32455352906965546,0.7389104477766462,0.9038876540223346,-0.8086313924254561,1.6293103694915771,11.980984687805176,10.523112297058105,2.5309760570526123
11.971174657771213,10.889683351127575,790.2916870117188,7.0,0.8450980400142568,0.45418810668504905,0.829573959143665,0.6801320626690912,-0.9875193704002228,1.5488684177398682,11.984391212463379,10.889663696289062,2.8532567024230957
11.92421648462756,10.824846136332873,326.8249816894531,20.0,1.3010299956639813,0.082666952152633,0.7091700086661445,0.7011157947951513,-1.2562499099989695,40.81473922729492,11.936539649963379,10.735625267028809,1.1095118522644043
11.977828819276741,10.713303529436425,112.37074279785156,17.0,1.2304489213782739,0.27830122477478453,0.3377716810321913,0.9376991251103677,-1.3689113610576598,5.524989128112793,12.006546020507812,10.690364837646484,1.254758596420288
11.902971226641684,10.814622826498464,553.115234375,9.0,0.9542425094393249,0.5382466876154973,0.7060878428726187,0.635635570586119,-1.4308553464353284,4.98572301864624,11.948263168334961,10.806912422180176,2.928241491317749
11.886488057228643,10.66223136577358,317.6324462890625,6.0,0.7781512503836436,0.4355926358347966,0.40450679733767947,0.878824057021643,-1.222198021279033,1.423284649848938,11.946710586547852,10.653202056884766,2.446993827819824
11.886492489448921,9.972903495394307,442.966552734375,13.0,1.1139433523068367,0.3589488999400702,0.8201946335614866,0.9951847632899609,-0.5634052060276881,26.502565383911133,11.926715850830078,9.91267204284668,0.7278635501861572
11.92844576144306,10.489670895502313,489.70574951171875,7.0,0.8450980400142568,0.4413935225043032,0.037274337155016164,1.142617847648853,-0.9385046336139501,1.5670931339263916,11.94517993927002,10.457794189453125,2.7963173389434814
11.71903096600821,9.082633475273267,608.28125,6.0,0.7781512503836436,0.5244424012696578,1.108969595394968,1.1054270541212063,-1.104901981128616,8.357625007629395,11.837767601013184,8.832571029663086,0.2527906000614166
11.926489255854555,10.819748176433231,339.1537170410156,20.0,1.3010299956639813,0.16097103517709507,0.4988437240596977,0.5888500163702769,-1.3615506852454462,11.854475975036621,11.938383102416992,10.816482543945312,2.698457956314087
11.977114523515475,10.543925337449082,123.69720458984375,16.0,1.2041199826559248,0.10683068495450748,1.1009194119611012,0.676808635932722,-1.2866515901146953,5.686675071716309,11.974042892456055,10.543442726135254,1.2695728540420532
11.900427307572365,10.21663769395078,268.8801574707031,18.0,1.255272505103306,0.2283997341473069,0.9651568437802417,0.7973303572501521,-1.3840522542676361,1.779719352722168,11.961430549621582,10.214571952819824,0.9506192207336426
11.854031243571722,9.250018628301433,216.38400268554688,13.0,1.1139433523068367,0.3830204981793132,0.9503507551062783,1.1482062886992117,-0.8129686762823983,12.386849403381348,11.87562084197998,9.070871353149414,0.32325616478919983
11.857527851281073,10.622042987202757,311.1799621582031,10.0,1.0,0.5066748443680505,0.5894639708840747,0.7347925335034237,-1.558645027582805,2.3852756023406982,11.903947830200195,10.620063781738281,2.1604278087615967
11.946303256217824,10.193529077981777,352.10003662109375,21.0,1.3222192947339193,0.09350439206593567,0.769778140172129,0.971074583135342,-1.3575582819202563,2.8011088371276855,11.96546745300293,10.190790176391602,1.1570813655853271
11.906482015317922,10.280667929188445,198.4329376220703,19.0,1.2787536009528289,0.17678239572172363,0.4317853695865951,1.0967494877192183,-1.54238027676009,2.000211238861084,11.977925300598145,10.271960258483887,0.9444617629051208
11.938375232149449,10.67150617989929,323.20050048828125,21.0,1.3222192947339193,0.24128580992627477,0.1711216519914195,0.9737257637708618,-1.3979047354534262,1.6095800399780273,11.952967643737793,10.648466110229492,2.498659610748291
11.960767554199684,10.571782807466663,626.5449829101562,5.0,0.6989700043360189,0.07635522588259644,1.0765895627636917,0.7391371582026712,-0.9043610168864984,7.171245098114014,12.00754451751709,10.571599960327148,1.3558332920074463
11.828247993617852,9.836007173341326,335.1290588378906,28.0,1.4471580313422192,0.18858034615922306,0.9516143343146982,0.8858060525790552,-0.7190555626504116,10.613343238830566,11.899129867553711,9.777472496032715,0.4944456219673157
11.961325411251245,10.638169357599537,469.5585632324219,9.0,0.9542425094393249,0.4462109780870378,0.5134259047076878,0.9426312212932203,-0.7238106599783303,2.4053733348846436,12.011517524719238,10.625757217407227,2.3003616333007812
11.866430715930884,9.552987423439026,314.8077087402344,14.0,1.146128035678238,0.32131818760600356,1.0775797791423405,0.9441691103740827,-1.3933587725100924,7.90057897567749,11.923824310302734,9.496217727661133,0.5472315549850464
11.980254007696702,10.913869802878429,424.9967346191406,14.0,1.146128035678238,0.1731562500819564,0.5264991845276672,0.7138546109920512,-0.4864580114080942,3.4164106845855713,12.00071907043457,10.912612915039062,2.9916512966156006
11.947426122681946,10.872088626228848,202.7836456298828,30.0,1.4771212547196624,0.038889639648712344,0.10713013456551385,0.6397624444385371,-1.3308366526260618,3.2217013835906982,11.98279094696045,10.869178771972656,2.7605648040771484
11.791068670288643,10.358879876628276,243.73329162597656,22.0,1.3424226808222062,0.05219815763541394,0.15883077296027182,1.1254300060918954,-1.4752289483772723,30.183265686035156,11.828341484069824,10.226095199584961,2.3512089252471924
11.922797048536474,10.633150792043438,457.79278564453125,22.0,1.3424226808222062,0.18810951090935205,0.33497193917534546,0.6594748690618377,-1.567576677291052,5.009103298187256,11.943232536315918,10.606057167053223,2.374998092651367
12.005579234438999,10.601338753302946,214.87725830078125,29.0,1.462397997898956,0.14597079028478926,0.6046028724448097,0.8647411887820123,-1.5980592255430919,5.443587303161621,11.999505996704102,10.588871955871582,0.9746860861778259
11.734078513681341,10.653139796879143,343.6261291503906,20.0,1.3010299956639813,0.17416475823976926,0.363112122884554,0.7363998869586994,-1.1577559571334421,85.09058380126953,11.761802673339844,10.382702827453613,2.7874693870544434
11.957780177988289,10.805758157964595,786.7593383789062,3.0,0.47712125471966244,0.5357720080659621,0.13143529561086909,0.8918675030349823,-0.7732782009110465,0.28687790036201477,11.976120948791504,10.805747032165527,2.7600109577178955
11.98125704554163,9.983338704246608,171.4823760986328,10.0,1.0,0.23844169431055584,1.078439626602489,0.9045613058283215,-1.1080664930954494,6.339478015899658,11.994850158691406,9.981736183166504,1.1447011232376099
11.956307915574374,11.059326051793196,211.36553955078125,34.0,1.5314789170422551,0.11933002688197628,0.08374491809902589,0.6208602397722724,-0.496325581503256,8.668869018554688,11.989104270935059,11.001211166381836,3.025442361831665
12.051508368743182,10.825674926950592,686.3128051757812,17.0,1.2304489213782739,0.3380778705597752,0.4951088479342466,0.8043361511095777,-0.708740335745528,7.840604782104492,12.080389976501465,10.820426940917969,2.80867075920105
11.80451145092156,10.754662668631061,561.2029418945312,3.0,0.47712125471966244,0.4227454739933213,1.0815003283383122,0.6530007199503564,-1.476911499487787,39.66663360595703,11.854741096496582,10.747295379638672,2.856107473373413
11.713472411922899,10.603821062371729,412.7032470703125,3.0,0.47712125471966244,0.5194584855085447,0.164485949960154,0.9385818176620254,-1.571205056253296,56.6585578918457,11.765767097473145,10.298615455627441,2.412515163421631
11.911789906744245,10.602443710671308,313.3858642578125,9.0,0.9542425094393249,0.40553068118169905,0.26486670564015224,0.9419540543833218,-1.2442937984968385,15.497493743896484,11.946545600891113,10.564567565917969,2.4456627368927
11.922425390351034,10.828381545329915,713.1561889648438,10.0,1.0,0.39877223374529014,0.3301003797094678,0.5991239356176121,-1.3459789150948915,3.438958168029785,11.93954849243164,10.815579414367676,2.6358890533447266
11.925475432843216,9.993109582871012,325.7912902832031,21.0,1.3222192947339193,0.06001379808617963,1.0432042485421054,0.7852823725160822,-1.4378439281166113,11.329622268676758,11.93906021118164,9.97548770904541,0.7995474934577942
11.97208174449026,10.891545776193366,690.3079223632812,19.0,1.2787536009528289,0.06890608924958441,0.8164928798189144,0.6230752576346132,-0.9470095051867861,9.732085227966309,11.9906005859375,10.890461921691895,2.3094675540924072
11.87197926977981,10.209423638327998,294.4146728515625,7.0,0.8450980400142568,0.312367451366865,0.6708728063243914,1.006340515517364,-0.9996301834814619,0.5531378388404846,11.898917198181152,10.209043502807617,2.4713797569274902
11.953546726601394,10.94838297993026,130.37193298339844,10.0,1.0,0.4522318349426819,0.08722132727132378,0.8127065347731115,-0.43827679552927246,1.2338523864746094,11.963011741638184,10.947600364685059,3.0352885723114014
11.95645317256105,9.87068704899153,358.85321044921875,4.0,0.6020599913279624,0.4895686050566534,1.0065866524511218,0.9515231288519936,-1.4471714394186388,0.7657099366188049,11.982173919677734,9.870601654052734,0.8663578033447266
11.803334762956734,10.815696979033497,714.3084106445312,15.0,1.1760912590556813,0.21797867691558268,0.32218397993055403,0.6387316650279571,-1.0603914947940205,39.57484817504883,11.82296085357666,10.659406661987305,2.5848097801208496
11.911885703010462,9.554749354372273,386.02679443359375,19.0,1.2787536009528289,0.2195839207308988,1.1032872272243905,0.8899455833848307,-0.5132400002342522,0.8562303185462952,11.947969436645508,9.549178123474121,0.5824334621429443
11.745460208955999,10.856469481461298,166.24221801757812,5.0,0.6989700043360189,0.39720280625753934,0.6265898513371088,0.6771029542543561,-1.0561359874269314,24.389659881591797,11.786659240722656,10.770666122436523,2.5496273040771484
11.906984238394315,10.41759363373895,313.2514953613281,16.0,1.2041199826559248,0.5004710933193565,0.4969568034956938,0.9534234549199566,-1.2975180855682407,1.0893915891647339,11.93923282623291,10.408756256103516,1.0165899991989136
11.885413912037727,10.186426339376984,229.0330810546875,15.0,1.1760912590556813,0.5462911056975523,0.4608813991465254,1.1554641540300206,-1.085181956614038,3.8987514972686768,11.948722839355469,10.17119026184082,1.014402151107788
11.909495983925858,10.813977565936282,390.2001953125,20.0,1.3010299956639813,0.07087821721409758,0.034453676252591034,0.7921164314854043,-0.4047049211906851,1.2251920700073242,11.927898406982422,10.808745384216309,2.7266507148742676
11.912210157315334,10.578109962564959,414.4174499511719,17.0,1.2304489213782739,0.4535824687427117,0.17616103145578904,1.0216411275579722,-0.8228551816238671,42.538063049316406,11.83919906616211,10.359313011169434,2.445493221282959
11.926848239100803,10.555609775055798,380.55517578125,14.0,1.146128035678238,0.4756769752543834,0.1055590070343758,0.9948207529448165,-1.2530285866860957,4.8785247802734375,11.958332061767578,10.528403282165527,2.4936952590942383
11.940028760814096,9.378804994500467,268.4841613769531,3.0,0.47712125471966244,0.5080971293047899,1.1414323005339722,1.133932903958276,-0.5528927800551541,1.134021520614624,11.986872673034668,9.37763786315918,0.7488418817520142
11.724697280103031,9.565574805578429,858.4852294921875,22.0,1.3424226808222062,0.3642242103815079,0.8765798171283513,1.0792582314088577,-1.1269538714133918,18.272855758666992,11.86368179321289,9.423418045043945,0.32200080156326294
11.982749721708146,10.913846470004362,485.9512023925781,14.0,1.146128035678238,0.0691091653270026,0.37308977757869066,0.7524184251903586,-1.0258958080847678,4.832808017730713,11.9801664352417,10.91127872467041,2.42026424407959
11.978315777521034,10.77756756116903,134.47142028808594,15.0,1.1760912590556813,0.3874679851345718,-0.03129951436278488,0.93374326451163,-1.0081887600555193,2.72200345993042,11.992265701293945,10.773958206176758,2.708143949508667
11.649346470329034,9.560539556307516,248.86965942382812,17.0,1.2304489213782739,0.10030966890561913,0.9393444102147016,1.03751144323839,-0.9521679765286815,50.42652893066406,11.795705795288086,9.17683219909668,1.0534257888793945
11.680864277670938,10.876405802538933,54.453189849853516,15.0,1.1760912590556813,0.1536174580351346,0.1518834125868797,0.7733623624600114,-1.3941592517772015,28.555118560791016,11.718358993530273,10.575905799865723,1.6156799793243408
11.902870045539126,10.485074735370265,422.6899108886719,21.0,1.3222192947339193,0.22040879397342603,0.07696169833158019,1.06163240700737,-1.4972924835301349,8.594887733459473,11.880345344543457,10.34853458404541,2.3925535678863525
11.961278866000542,10.623099550006922,618.252197265625,29.0,1.462397997898956,0.09629347294362058,0.4825938018281531,0.7691827670953272,-0.9246669855050269,17.825971603393555,11.942496299743652,10.553826332092285,1.6243829727172852
11.902471763010045,10.933113786213397,132.42405700683594,11.0,1.0413926851582251,0.22794168231387935,0.22089822601239173,0.700903194649316,-0.5513232012107292,0.44814154505729675,11.931485176086426,10.932931900024414,2.762037515640259
11.70840376865549,10.600172770276162,450.55328369140625,12.0,1.0791812460476249,0.4438563004032605,0.28132229929859187,0.7000208923532529,-0.5085155648846879,37.68723678588867,11.672065734863281,10.540878295898438,2.658676862716675
11.910249315426622,10.739010902912169,216.97006225585938,13.0,1.1139433523068367,0.35988498754385445,0.21010829242653042,0.7871843308168552,-1.0486762337935043,1.495893955230713,11.942526817321777,10.736395835876465,2.8137900829315186
11.932543425730447,10.551119659325455,175.26351928710938,24.0,1.3802112417116061,0.3191434587351978,0.8337712679630745,0.765597725007581,-1.2577809645605178,4.905573844909668,11.955413818359375,10.545829772949219,0.9529646635055542
11.867262143150155,9.927679699219947,262.5000915527344,33.0,1.5185139398778875,0.29218248787025614,0.5627402164911683,1.1348156021170543,-0.5105265407493832,39.236122131347656,11.860603332519531,9.619220733642578,0.6748267412185669
11.843895789210082,9.989060775326173,477.25262451171875,4.0,0.6020599913279624,0.49105561831966044,0.8806120747454268,0.9567517508798654,-0.7808973470406858,1.659593939781189,11.893054962158203,9.985721588134766,0.9916797876358032
11.940058887804021,10.92937658029658,256.0754089355469,27.0,1.4313637641589874,0.1689945160618259,0.2888032545764769,0.5896473281749521,-0.6726980952719311,15.927733421325684,11.96562671661377,10.898877143859863,2.885607957839966
11.895885240181798,10.504884831553154,569.7942504882812,18.0,1.255272505103306,0.24087141450080604,0.8346408897558737,0.7262842673797691,-1.543680194595772,12.53947639465332,11.922989845275879,10.499981880187988,1.1435682773590088
11.952690428458716,10.95619591729676,443.07928466796875,7.0,0.8450980400142568,0.40119123851052596,0.7842869079113707,0.6311023991670373,-1.166186132888334,0.6861973404884338,11.966572761535645,10.95608139038086,2.363821506500244
12.066483717109652,10.779388285836578,222.198974609375,10.0,1.0,0.41944663711927,0.19233178675141335,1.0813904864888295,-0.7300551453545302,1.1212269067764282,12.062079429626465,10.75454044342041,2.859051465988159
11.971281788752847,11.087856320266628,479.32659912109375,5.0,0.6989700043360189,0.29170428917018904,0.0502515826988504,0.6427639792769508,-0.6278595015461818,1.334825038909912,11.984777450561523,11.084036827087402,3.036823272705078
11.944888713132372,10.611592115068266,231.49664306640625,19.0,1.2787536009528289,0.09048496797266933,0.4644970376093148,0.8883964968841062,-1.067715446209074,8.479118347167969,11.95881175994873,10.580422401428223,2.5426177978515625
11.926158215272594,10.612659626712844,267.208740234375,16.0,1.2041199826559248,0.09410611239986288,0.9609753066696897,0.6366014744897945,-0.5211194917024499,5.980078220367432,11.946717262268066,10.611209869384766,1.1674104928970337
11.968765457938886,10.330486994951809,310.89093017578125,15.0,1.1760912590556813,0.2465457714162767,1.1075338416981892,0.6884141796006636,-0.6156079631946717,5.215199947357178,11.977206230163574,10.312261581420898,1.1255347728729248
11.982981963056409,11.079223835005866,352.56524658203125,26.0,1.414973347970818,0.12780135047311586,0.26592957460199457,0.7413527278056802,-0.4543022288371482,22.847148895263672,12.022368431091309,10.962368965148926,3.1076736450195312
11.93647716310647,10.869027052027695,267.1671142578125,11.0,1.0413926851582251,0.4322626643089785,0.0781717160810665,0.5840449775404915,-0.7822070122948397,1.4384160041809082,11.965883255004883,10.865192413330078,2.930187702178955
11.9577165973669,10.956148360826573,300.65533447265625,8.0,0.9030899869919435,0.5426489890553058,0.5167905482662515,0.6549836989011241,-0.9412469832270602,14.872465133666992,12.013497352600098,10.949984550476074,3.001469135284424
11.982428039181395,10.80417027528571,284.52044677734375,10.0,1.0,0.21897822345296541,0.41279668517770807,0.8118242717268928,-0.6968619579992891,0.5333009362220764,11.997759819030762,10.803794860839844,3.046786308288574
11.790409551916552,10.248863761404037,479.1882019042969,20.0,1.3010299956639813,0.3234736878528363,0.29554544704240493,1.0755813945888608,-1.1807022100700053,62.98894119262695,11.828747749328613,10.138713836669922,2.016916275024414
11.957167027864802,9.898906343224333,381.30377197265625,30.0,1.4771212547196624,0.1531393245069517,0.8535828130217052,1.0018654647069856,-1.5491934733157513,5.927182197570801,11.999425888061523,9.874526023864746,0.34467238187789917
11.939712681859078,10.650528340197063,455.80596923828125,23.0,1.3617278360175928,0.21736134256546696,0.2050683982284886,0.971874880171031,-0.8254249261217549,6.4187421798706055,11.974946975708008,10.627184867858887,2.7212376594543457
11.917317626559154,11.13411476026307,287.8807373046875,14.0,1.146128035678238,0.32218292999184794,0.6584787753381938,0.665849575328554,-0.42420903679755473,112.74652862548828,11.87755012512207,10.83779239654541,2.8297011852264404
11.965724616726867,10.73629376700439,207.3957061767578,9.0,0.9542425094393249,0.5452905631003281,0.2785365259006145,0.8783391218312449,-0.5544727545011937,0.31131142377853394,11.997062683105469,10.735001564025879,2.94907546043396
11.99362628074236,11.021375480347219,547.0712890625,10.0,1.0,0.19915626589208843,0.9370163752293061,0.5685585606620284,-1.040122055444855,0.8885520696640015,12.010727882385254,11.021330833435059,2.9038562774658203
11.98352292965425,9.410888994104376,125.53793334960938,21.0,1.3222192947339193,0.45957964194110706,1.1155027095475172,1.005308031542118,-0.6492055775811403,3.866459608078003,12.010445594787598,9.399188041687012,0.7577404379844666
12.004043943437281,10.976103165254601,508.2447509765625,14.0,1.146128035678238,0.48703920446957155,0.43299534920766125,0.6994435338723836,-0.7519643960980581,8.020383834838867,11.980195045471191,10.956222534179688,2.510481595993042
11.891526237040313,9.646345628614734,428.97576904296875,9.0,0.9542425094393249,0.35553392774115006,1.0049070529288973,1.0915268221355727,-0.4944983801380419,4.006443023681641,11.93603515625,9.637812614440918,0.684739351272583
11.963290099466375,10.628288346848564,104.5345230102539,16.0,1.2041199826559248,0.31497261524200443,0.5772615217520983,0.8107304458521517,-1.1432712562772913,5.411468982696533,11.980249404907227,10.58699893951416,0.8735998272895813
11.920000235007834,10.428100417647801,323.3608703613281,14.0,1.146128035678238,0.2638866115154492,0.9486870069140235,0.7882793140012906,-0.6031662279477316,1.482940673828125,11.935723304748535,10.426688194274902,0.7427899837493896
11.909885432918307,10.323952047261322,648.1583251953125,13.0,1.1139433523068367,0.4296057680621743,0.7076021534505957,0.9152313642219077,-1.3288095675038483,4.673459529876709,11.999870300292969,10.321097373962402,2.743048667907715
11.858607204794687,9.407033045614492,317.7582702636719,20.0,1.3010299956639813,0.17363444975473816,1.0672102439100575,1.0637646306874666,-0.6513394985366461,7.89944314956665,11.938518524169922,9.368115425109863,0.5943797826766968
11.908218883286446,9.34664436177484,460.8359375,13.0,1.1139433523068367,0.08452333096000883,1.1051327436883713,1.143712817376199,-1.3908023236165998,2.826313018798828,11.942829132080078,9.342578887939453,0.7966867685317993
11.707060294867144,9.857183248248532,469.0032958984375,17.0,1.2304489213782739,0.1198080349299643,0.625668263871902,1.1543668741689828,-0.6420282624629068,29.941709518432617,11.77472972869873,9.74881362915039,2.15242338180542
11.954471110951589,9.655017399212415,228.6622314453125,9.0,0.9542425094393249,0.513372342961116,0.8027898833472151,1.0995310092376356,-1.1693444568368596,3.8659820556640625,11.967880249023438,9.554210662841797,0.34806421399116516
11.758297450714098,9.306337167439953,90.9484634399414,10.0,1.0,0.5553958693622715,0.9897602643923095,1.1686394509238383,-0.9822140171696246,41.0458984375,11.845022201538086,8.863384246826172,0.5031179189682007
11.82273219909897,10.56965726948437,318.1429748535156,18.0,1.255272505103306,0.285679900387509,0.6162148704692878,0.8013639712297038,-0.9133103828530308,4.141075134277344,11.863449096679688,10.564261436462402,1.6943724155426025
11.665316403474685,10.631210027923391,239.8142852783203,16.0,1.2041199826559248,0.3965971080068913,0.08488554885236316,1.0223188540585078,-1.2110981484942247,67.09923553466797,11.725903511047363,10.371286392211914,2.813912868499756
11.874362501073533,10.806367807245481,245.7790069580078,10.0,1.0,0.43942113093410934,0.7716392545242284,0.5688517250382406,-1.2991481618797964,12.770130157470703,11.947060585021973,10.805173873901367,2.955002784729004
11.919005111516544,10.819303829381145,163.7338104248047,6.0,0.7781512503836436,0.36476610535755755,0.33583294843088474,0.6954171104643048,-1.2913975568074096,0.3617984354496002,11.946959495544434,10.81828498840332,2.764075994491577
11.882813502639015,10.583706185216581,247.06419372558594,20.0,1.3010299956639813,0.1514062037277553,0.6143676314978548,0.6419591247736284,-1.178872707542492,2.870896339416504,11.903631210327148,10.547053337097168,2.421445369720459
11.955314397118512,10.336161039254607,63.937744140625,19.0,1.2787536009528289,0.34469660844446887,0.9454747884435997,0.7499932513260573,-0.9199138439407775,12.806147575378418,11.986051559448242,10.312272071838379,0.8192734122276306
11.894455178009025,10.121435135981383,414.10546875,7.0,0.8450980400142568,0.5186774612714847,1.0902382464222948,0.8016584678577733,-0.8239079196401876,7.206335067749023,11.912932395935059,10.104776382446289,0.7519676089286804
11.989296742663463,10.863910461135259,212.89373779296875,13.0,1.1139433523068367,0.3128650766383443,0.11490160597654596,0.6799036739930368,-1.5067827246865628,34.52407455444336,11.916909217834473,10.650492668151855,2.723775625228882
11.901989413310506,10.101105409962381,172.43821716308594,25.0,1.3979400086720377,0.10586765947648222,1.0173318176645934,0.7956333212649603,-0.581700151681708,2.344059705734253,11.923089981079102,10.083701133728027,0.7746454477310181
11.992176286655377,10.364799663816386,250.4267578125,11.0,1.0413926851582251,0.47737463961044957,1.0134786952154047,0.9210951670405354,-1.5628570349081865,4.515227794647217,12.004366874694824,10.360587120056152,1.2541362047195435
12.002507982506199,10.627807086798075,158.32200622558594,7.0,0.8450980400142568,0.5156379880694052,1.0019773088592385,0.6274198105627169,-1.4977779996182286,2.0705745220184326,12.008864402770996,10.627510070800781,1.3351354598999023
11.926671471737208,10.573419679943076,249.3889923095703,21.0,1.3222192947339193,0.14548132025326294,0.18103260213590794,1.1212101095478126,-0.9033554773686411,5.768195629119873,11.956803321838379,10.546747207641602,2.6043691635131836
11.868597635723658,9.466519983069347,383.9302673339844,20.0,1.3010299956639813,0.23944123501165046,0.8586308308160896,1.1454194729375127,-0.5749503380174444,5.53615140914917,11.927968978881836,9.301695823669434,0.8162499666213989
12.047179734041313,10.84452405740698,273.34307861328125,29.0,1.462397997898956,0.38086139402455754,0.5934956498463031,0.7061972108427489,-0.6863969267744398,4.491703510284424,12.065801620483398,10.815149307250977,1.0967531204223633
12.097061713903548,10.29683739350562,259.5352783203125,25.0,1.3979400086720377,0.20489388428007563,0.9940738761074522,0.9161128018999724,-1.5408000242008681,11.37085247039795,12.15254020690918,10.282855033874512,1.0223671197891235
11.888758049634205,10.96986255130153,322.5570373535156,11.0,1.0413926851582251,0.5292714039484661,0.1437328347798796,0.6301389203430265,-0.6505044255782095,4.846944332122803,11.909919738769531,10.92208480834961,2.853440761566162
11.859920088147836,10.043478417164476,360.20355224609375,7.0,0.8450980400142568,0.5328002557468912,0.7665659082446157,1.0093608700953998,-1.0440260669992938,1.697826623916626,11.92979907989502,10.04255485534668,2.176262378692627
11.744851186530381,10.755432938179966,606.7936401367188,24.0,1.3802112417116061,0.06388671122905282,0.7798273686394532,0.7496999064005614,-0.8208057420331977,68.13082122802734,11.81236457824707,10.370055198669434,1.0756231546401978
11.915018985130738,10.801268471460544,319.3290100097656,6.0,0.7781512503836436,0.37221554936841134,-0.0037785541397827595,0.8173102841407601,-1.1640908506009653,3.1667516231536865,11.934396743774414,10.771378517150879,2.868678569793701
11.834303112861429,10.635481894526118,166.2759246826172,15.0,1.1760912590556813,0.11685130132569206,-0.009758655929159615,1.0461244845785118,-1.5524637927699565,5.743160247802734,11.908711433410645,10.579376220703125,4.118351936340332
11.911068401931475,9.780493487811672,370.8036804199219,14.0,1.146128035678238,0.34359280780578655,0.7531017167969318,1.1586949511338802,-1.2671800395429158,0.9493411183357239,11.963981628417969,9.765050888061523,0.8979941010475159
11.883722414829892,10.46887537322638,473.49249267578125,16.0,1.2041199826559248,0.4534073324356642,0.439590088980008,1.0613392415097338,-1.4452239967161735,1.2949498891830444,11.931394577026367,10.461587905883789,1.0657888650894165
11.70384171045882,10.573908074465026,488.246337890625,23.0,1.3617278360175928,0.10980354130475059,0.19325193879374342,0.5994175721133799,-1.5953042139302158,31.268556594848633,11.752486228942871,10.287485122680664,2.7289862632751465
11.911669157112241,10.486777870278159,253.04019165039062,26.0,1.414973347970818,0.07689704693232974,0.5359158939043899,0.9632217406292769,-0.7584388575261576,2.111297845840454,11.933120727539062,10.483575820922852,2.2715959548950195
11.884218898518071,10.650246252340356,196.47409057617188,25.0,1.3979400086720377,0.15099186763788264,0.07387705531216802,1.1326829803313945,-1.0048772697575088,4.171726226806641,11.937575340270996,10.631760597229004,2.7397031784057617
11.896006922127416,10.365647721922253,131.05331420898438,21.0,1.3222192947339193,0.05405877456068993,0.6181042290093338,0.955210563129947,-1.078837019672075,1.2532727718353271,11.94821834564209,10.358877182006836,2.424600839614868
11.944929488188393,9.980177510472496,216.84666442871094,26.0,1.414973347970818,0.2581940575399333,0.7859494718797522,0.9861397504993175,-1.3799962101235006,8.068946838378906,11.958113670349121,9.948429107666016,0.8682795763015747
11.903533673567408,10.6040153576856,221.9132080078125,20.0,1.3010299956639813,0.10203944062814117,0.03167707834678324,1.1065289138783603,-0.6599731780056042,1.3162956237792969,11.937255859375,10.581502914428711,2.7728984355926514
11.920656910404864,10.512353705132972,208.367431640625,8.0,0.9030899869919435,0.24165243873786596,0.4344876226802091,1.0128312218953004,-0.7761721244513875,1.9383463859558105,11.954269409179688,10.502961158752441,2.710054397583008
11.869300265962327,10.655260377711631,335.4291687011719,5.0,0.6989700043360189,0.4503588956677251,0.2948761205692581,0.9721694855772404,-0.9152682121857177,2.624711513519287,11.93016529083252,10.653392791748047,2.727177619934082
11.652084382026633,10.027027504828878,175.92022705078125,23.0,1.3617278360175928,0.10320279475094542,0.3703544480805867,1.1456344146169155,-1.2411476150858618,27.28342628479004,11.680570602416992,9.928607940673828,0.8700209259986877
11.889607539549925,10.288480385295465,659.3123779296875,23.0,1.3617278360175928,0.08308140496826835,0.20689584630700963,1.0758758553313585,-1.082108200380006,3.885810613632202,11.90221881866455,10.227350234985352,2.3998513221740723
12.016139776908373,10.746289726652684,438.1712951660156,23.0,1.3617278360175928,0.38393274405971173,0.7476242720633595,0.7205479267483167,-1.0659984808350913,2.2790403366088867,12.055331230163574,10.74258804321289,1.1835836172103882
11.892304825514373,10.857687150417155,260.2182922363281,5.0,0.6989700043360189,0.11643685434634486,0.6436178793030966,0.6538818346582739,-1.387949751469348,1.896464467048645,11.936273574829102,10.856698989868164,2.7736330032348633
11.925310816506236,10.365551254514774,378.8992919921875,10.0,1.0,0.38875899103780587,0.9991034375036302,0.8065301803980437,-0.5590919341040546,1.7183867692947388,11.959793090820312,10.36478042602539,1.3323100805282593
11.900917679838269,10.58784016213229,1116.534423828125,5.0,0.6989700043360189,0.3501309679510693,0.6820635301630513,0.7849877357099972,-1.4987356049833982,2.000621795654297,11.936732292175293,10.586405754089355,2.289459228515625
11.804498951662643,9.479246908102308,506.9268493652344,4.0,0.6020599913279624,0.5365966245118114,0.9136037231216639,1.0588301974567427,-1.2961580268782988,5.093026638031006,11.925378799438477,9.403250694274902,0.3831998407840729
11.921311919207362,9.921585636846016,598.9857177734375,12.0,1.0791812460476249,0.4669829442579713,0.7782365444150295,1.1094798937959123,-0.5977348187958076,1.033279538154602,11.951149940490723,9.91751766204834,0.7453649640083313
11.876252718055,10.512838132164097,140.9102325439453,8.0,0.9030899869919435,0.48523834286671547,0.1696006700613384,0.6591805193403283,-1.3749110944977232,2.770662546157837,11.934796333312988,10.502668380737305,2.665646553039551
11.885423876812117,10.289357342030197,483.5406494140625,23.0,1.3617278360175928,0.35850676950067284,0.3600728111924413,1.124548425992967,-1.3861206481688222,5.27912712097168,11.955228805541992,10.282673835754395,2.3250133991241455
11.977545586699899,10.79329087490672,363.8387451171875,23.0,1.3617278360175928,0.14795140129410558,0.2090441697125192,0.8937700713904781,-0.6346414372830073,2.068371534347534,11.995738983154297,10.785897254943848,2.760221481323242
11.854958639375843,10.23227495318674,177.217529296875,11.0,1.0413926851582251,0.5303829863046607,0.34528573177877653,0.9728433224182075,-1.4681301150048203,0.5460976958274841,11.889851570129395,10.212925910949707,2.461294174194336
11.787351026509349,10.543795697754867,252.90057373046875,16.0,1.2041199826559248,0.3479233209561143,0.38530756554981316,0.8675233562407242,-1.1900783182863768,29.26262092590332,11.83710765838623,10.370748519897461,2.707139253616333
11.96907671062297,10.62197910117712,253.51593017578125,14.0,1.146128035678238,0.3664789270402657,-0.021973994709998754,1.156497786343568,-1.4167921877853606,1.763523817062378,12.002449035644531,10.59373950958252,2.740954637527466
11.820430119393121,10.522790537651948,236.17259216308594,15.0,1.1760912590556813,0.2602901341600551,0.48948272479052735,0.9136038430752147,-1.0877694711985693,2.390986919403076,11.822705268859863,10.522336959838867,2.3667562007904053
11.95962805097894,10.71332564911902,287.7909851074219,5.0,0.6989700043360189,0.37480467561011516,0.9041686291178788,0.7434836399802655,-1.4539659115557286,0.9897933602333069,12.008621215820312,10.713014602661133,2.3952829837799072
12.013735546389,11.009117331334538,655.4366455078125,21.0,1.3222192947339193,0.05760926099287139,0.21441158703974716,0.6851730115665202,-0.41953625872876443,4.561453342437744,12.033231735229492,11.005427360534668,3.0065085887908936
12.032154064072872,10.451027732519563,408.238037109375,10.0,1.0,0.3457041234605842,1.14884472894801,0.6979080121178436,-1.440421047099528,0.8450891971588135,12.04401969909668,10.449762344360352,0.847920835018158
11.949218978992374,10.593123861669808,119.17340087890625,12.0,1.0791812460476249,0.46253645336255433,0.5562166927577142,0.8970748533293885,-1.5455253387469445,0.5111044049263,11.989434242248535,10.587152481079102,1.1132105588912964
11.970446025796814,10.918160508438865,370.3063049316406,17.0,1.2304489213782739,0.4480989740126663,0.11792303880387536,0.7634722455721566,-0.5492042781814362,11.697988510131836,11.996944427490234,10.85839557647705,2.9736974239349365
11.888945290555311,10.723428030226216,571.7479858398438,25.0,1.3979400086720377,0.5234823274943564,0.08188078935888546,1.0137126584519411,-0.8846138931580027,18.38151741027832,11.92350959777832,10.554400444030762,2.542433500289917
11.891852656820857,9.913313013680737,211.0607452392578,11.0,1.0413926851582251,0.24895974919199945,0.7120997146073829,1.1683462865476262,-0.7514788844956609,0.74770188331604,11.93104076385498,9.91284465789795,0.8724358081817627
11.957842946047332,10.65921762866993,307.1049499511719,31.0,1.4913616938342726,0.2514180482261711,0.643113626460766,0.7753651457607806,-0.5198681988167148,2.0084235668182373,11.973119735717773,10.615138053894043,0.8235957622528076
11.948731443213893,9.648595357106306,126.78045654296875,5.0,0.6989700043360189,0.5033632542317112,1.1323843894226844,0.9110313948237678,-0.9709080109311827,2.192319631576538,11.96253490447998,9.615215301513672,0.7770814895629883
11.889015116100554,10.213262841410016,439.0409851074219,11.0,1.0413926851582251,0.3569961513703068,1.0652525592410824,0.8544996422455303,-0.7284149246403633,2.841806173324585,11.925384521484375,10.213010787963867,1.0566506385803223
11.90959493959167,9.800364586612545,218.81515502929688,24.0,1.3802112417116061,0.3134068325161934,0.8155712385253497,1.0201033450124015,-1.3607158948858884,14.356651306152344,11.913636207580566,9.695965766906738,0.1356448084115982
12.03662802437459,11.1368948124073,398.7891540527344,26.0,1.414973347970818,0.061747071095224884,0.00056255489484103,0.5806634672024149,-0.6057212335683787,7.016441345214844,12.049979209899902,11.106626510620117,3.0312204360961914
11.963162188014591,10.628729297620021,89.56795501708984,12.0,1.0791812460476249,0.40812395410612223,1.122968296829229,0.5961263633313348,-0.5844248926932484,5.513484954833984,11.980483055114746,10.627989768981934,1.2757654190063477
11.862002574392694,10.165133531231849,262.3793029785156,5.0,0.6989700043360189,0.5494075678081977,0.5303444054224895,0.9990172874208695,-0.44490492009774296,38.884403228759766,11.808821678161621,9.969939231872559,2.4447855949401855
11.707572352544094,10.435717296938803,365.9575500488281,19.0,1.2787536009528289,0.29633394272791014,0.3238326202970319,0.9984909834553082,-1.5987496078755608,19.771930694580078,11.82370376586914,10.171751976013184,1.978171467781067
11.93832146355403,9.978392033100771,116.8467788696289,5.0,0.6989700043360189,0.5400239667234321,0.9227822352862456,0.9864345353333865,-1.4884386337418032,2.4543583393096924,11.984404563903809,9.974257469177246,0.9588310718536377
11.891114386467112,10.91071004834318,378.185546875,9.0,0.9542425094393249,0.30734648684867555,0.00804337111613488,0.6913674298413516,-0.40626173037862856,1.8622541427612305,11.900628089904785,10.896160125732422,2.9480555057525635
11.938215396175869,10.816369624847828,373.0825500488281,8.0,0.9030899869919435,0.40190453748736116,0.39706445829944903,0.727529602139142,-0.7856635453459923,16.327417373657227,11.982860565185547,10.782222747802734,2.8352599143981934
11.929962256816525,10.569746038088509,502.8162536621094,9.0,0.9542425094393249,0.5438442423836225,0.2533706774484432,0.694089194032559,-1.5618427236108439,2.3350296020507812,11.978615760803223,10.561600685119629,2.6432125568389893
11.840485036125427,10.789442004428004,313.2737731933594,19.0,1.2787536009528289,0.14717814272476568,0.4250714852297888,0.660129218355118,-0.464318579392052,24.8792781829834,11.768128395080566,10.572779655456543,2.775587320327759
11.8075805772428,10.406117792210326,315.9577331542969,16.0,1.2041199826559248,0.28677241559036903,0.694790963905109,0.6757856257484619,-1.557115112388165,6.870884418487549,11.81438159942627,10.393209457397461,1.055833101272583
11.949891232629248,10.396378122662796,391.0272216796875,10.0,1.0,0.36350719028462974,0.6131576496339403,1.038995214633954,-0.5392864424928364,2.819223165512085,11.967925071716309,10.395973205566406,2.3815701007843018
11.945799483872436,10.422225468375322,550.308349609375,15.0,1.1760912590556813,0.14114209352475074,0.8680106857104539,0.8303392581758001,-0.9804342498019396,9.856001853942871,11.963078498840332,10.417633056640625,1.608309030532837
11.97449772210532,10.046028002676525,506.4963073730469,25.0,1.3979400086720377,0.2533867181899647,0.887212241089102,0.9166017383316393,-0.9835951597544915,4.887929916381836,12.01761245727539,10.018877029418945,0.7072780132293701
11.919738474402932,10.456533175803427,704.8533325195312,12.0,1.0791812460476249,0.46557593629178073,0.3340560575160734,1.136718087487165,-0.70192165318306,5.913848400115967,11.959007263183594,10.44808578491211,2.415961980819702
11.777354363983047,9.259997555212221,398.2689208984375,15.0,1.1760912590556813,0.4173184239512517,1.0997093964544633,1.1546613360329046,-0.4213657567705812,31.358448028564453,11.908700942993164,9.114733695983887,0.9305452108383179
11.89078911541494,9.378652583826385,664.9072265625,21.0,1.3222192947339193,0.20380140020408563,0.917890722320958,1.089028956998946,-0.8922918445257719,26.84088134765625,11.870535850524902,9.23820972442627,0.5311322212219238
11.951750023228373,10.284398556057685,492.9364013671875,30.0,1.4771212547196624,0.1228873612255686,0.7161494798978574,0.8770926387335708,-1.0035183504344753,5.006778240203857,11.964202880859375,10.231335639953613,2.282395124435425
11.829321100360799,10.881206902647268,272.3101501464844,5.0,0.6989700043360189,0.5219014156506294,0.6633366141799338,0.5877447788836664,-0.9113131836836791,2.0826425552368164,11.85453987121582,10.87948989868164,2.919261932373047
11.886969570696301,10.051025444019658,434.52435302734375,23.0,1.3617278360175928,0.21515797891964514,0.6459500725291378,1.1038774820438368,-0.6197739988595798,6.5810465812683105,11.929380416870117,10.018881797790527,2.4488654136657715
11.839114898039298,10.457891584291747,309.2779541015625,51.0,1.7075701760979363,0.071726818372392,0.45473056950590723,1.1171774992428507,-1.4104743399644981,12.331917762756348,11.876374244689941,10.436697959899902,2.2791402339935303
11.965546416660263,10.701931098881113,333.8750915527344,15.0,1.1760912590556813,0.2554613415876197,0.7679239001498999,0.8243137678664936,-0.6300279904002603,1.0509213209152222,11.977898597717285,10.701648712158203,2.5158708095550537
11.672896429116213,10.736865505975963,326.1221008300781,21.0,1.3222192947339193,0.19997290705020232,0.24905706573330041,0.7778741247711725,-0.9705511087328381,67.93379211425781,11.624655723571777,10.183623313903809,2.8002681732177734
11.95705635743034,10.605636231449026,477.0325927734375,5.0,0.6989700043360189,0.2628870591417783,1.1402950968527528,0.6622593999218875,-1.1174816448140659,33.0481071472168,11.958294868469238,10.570878982543945,1.3633478879928589
11.93767365528417,10.769936217330063,195.99459838867188,9.0,0.9542425094393249,0.3977647128928867,0.4089500770812464,0.8487968473345631,-0.9757063537375334,2.0090177059173584,11.991388320922852,10.759329795837402,1.5754609107971191
11.929289800710194,10.73194211979715,263.2957458496094,21.0,1.3222192947339193,0.13318065189652972,0.023592858569377404,1.0946024001230916,-0.7167622794771449,1.0513558387756348,11.954505920410156,10.724540710449219,2.7433202266693115
11.942540181435506,10.745607785356215,392.2756652832031,13.0,1.1139433523068367,0.16064046343995464,0.6954608645474064,0.76051631344568,-0.689111350684054,1.3919787406921387,11.95337963104248,10.744153022766113,2.730146646499634
11.884934124588874,10.220701585032339,124.73338317871094,28.0,1.4471580313422192,0.2813486771554583,0.5506916379630256,1.1125555345831821,-0.9868660533778472,13.621893882751465,11.93248462677002,10.176939964294434,0.9185621738433838
11.91948030500517,9.577359942996845,225.1522216796875,20.0,1.3010299956639813,0.06252787647147974,0.955813652726135,1.1595773936079585,-1.0744408285274072,2.2904696464538574,11.929149627685547,9.554553031921387,0.7641840577125549
11.951061988957493,10.461270778750759,392.6975402832031,15.0,1.1760912590556813,0.5150324736618334,0.31156054081987206,1.14784457503067,-1.370892005764117,2.153592586517334,11.999458312988281,10.431346893310547,2.440277338027954
11.878378927478801,10.061487288207593,377.5244445800781,14.0,1.146128035678238,0.13134403865163524,1.012020563500263,0.8853073221898154,-1.2396419955448335,2.4966042041778564,11.948539733886719,10.058157920837402,0.9879546761512756
11.628107940477342,10.795431648090036,297.0279541015625,31.0,1.4913616938342726,0.13567529884684418,0.041579332968626544,0.57414574571737,-1.1615067518743107,74.9474105834961,11.58696460723877,10.470799446105957,2.701536178588867
11.86540670428199,10.735213908300809,258.50128173828125,20.0,1.3010299956639813,0.16577088073309926,0.10662614637927614,0.7988733409608025,-0.46263106149409905,2.086763858795166,11.903441429138184,10.733315467834473,2.7429590225219727
11.881494485923696,10.617641375610596,225.07313537597656,9.0,0.9542425094393249,0.429191315246539,0.20407916646021906,0.8617993271639993,-1.4652500186239084,1.0546683073043823,11.906672477722168,10.616732597351074,2.473212957382202
11.980269854025183,10.784711723899465,299.7335510253906,29.0,1.462397997898956,0.1789734428541528,0.18780688639594628,0.6730036360354734,-1.1040832675052772,5.757134914398193,11.984009742736816,10.719267845153809,2.9197494983673096
11.901967032030145,10.83042724973435,561.6228637695312,28.0,1.4471580313422192,0.03606897229328752,0.44578403513528386,0.6035967390940492,-0.7114477799114045,9.300832748413086,11.908601760864258,10.82564640045166,2.7367470264434814
11.93717450907954,10.50982049519265,307.79345703125,19.0,1.2787536009528289,0.17296115123770303,0.668981446042287,0.8055780363683499,-1.4699775558325954,1.0359694957733154,11.954776763916016,10.50783634185791,2.719740867614746
11.847318582300613,10.795320553362547,681.7921752929688,21.0,1.3222192947339193,0.2427719234281944,0.0927111424343902,0.5948740667710103,-1.029935842778132,11.436813354492188,11.834670066833496,10.61341667175293,2.741274118423462
11.91637068376391,10.024736172394965,137.50547790527344,19.0,1.2787536009528289,0.2994809237619241,0.8928186866037456,0.8809608762977931,-0.6700806902488416,28.778812408447266,11.873881340026855,9.835270881652832,2.24127197265625
11.76366549396089,10.377677280987427,262.2320861816406,11.0,1.0413926851582251,0.05158106743668517,0.6364972510528258,0.8547928066217426,-0.9311492946591349,2.4425902366638184,11.79764461517334,10.377041816711426,2.3181285858154297
11.844965625675274,9.767856374266831,546.9480590820312,11.0,1.0413926851582251,0.317196299870395,0.9342496862270436,0.9707811305531302,-1.5790292895478626,4.749522686004639,11.896300315856934,9.763992309570312,0.7574774622917175
11.988973791452082,10.07704374139961,344.5282897949219,28.0,1.4471580313422192,0.36729556819837955,1.0611152555836139,0.9518788900012938,-0.5938378957632465,7.057107925415039,12.024876594543457,10.059202194213867,0.6057892441749573
11.889270790553931,10.734975823847785,205.1918487548828,14.0,1.146128035678238,0.33591911658230755,0.13686730360327443,0.9640928028913613,-0.5836763544272162,0.585419237613678,11.907456398010254,10.718104362487793,2.7358486652374268
11.79019606890138,10.424432715611367,316.90802001953125,7.0,0.8450980400142568,0.5140853851412734,0.3786349406293179,1.0031131634284083,-0.7988170798832908,3.1411709785461426,11.820621490478516,10.410507202148438,2.43166184425354
